epoch,time,train/box_loss,train/cls_loss,train/dfl_loss,metrics/precision(B),metrics/recall(B),metrics/mAP50(B),metrics/mAP50-95(B),val/box_loss,val/cls_loss,val/dfl_loss,lr/pg0,lr/pg1,lr/pg2,lr/pg3,lr/pg4,lr/pg5,lr/pg6,lr/pg7
1,127.808,1.42131,6.41066,0.02523,0.54935,0.0359,0.04027,0.02189,1.69966,4.10231,0.04084,0.00998084,0.00332695,0.00998084,0.00332695,0.00998084,0.00332695,0.00998084,0.00332695
2,229.111,1.47521,5.0949,0.02626,0.41555,0.16693,0.16234,0.08509,1.79507,3.01562,0.04404,0.019783,0.00659434,0.019783,0.00659434,0.019783,0.00659434,0.019783,0.00659434
3,324.981,1.56705,4.14198,0.02831,0.44198,0.16695,0.16771,0.08273,1.94258,3.41989,0.04913,0.0293872,0.00979574,0.0293872,0.00979574,0.0293872,0.00979574,0.0293872,0.00979574
4,419.611,1.61423,3.44933,0.02931,0.39724,0.22273,0.24745,0.12351,1.92727,3.03219,0.04814,0.029109,0.009703,0.029109,0.009703,0.029109,0.009703,0.029109,0.009703
5,513.006,1.6357,3.04045,0.02975,0.45036,0.25614,0.26151,0.12694,1.95221,2.89541,0.04967,0.028812,0.009604,0.028812,0.009604,0.028812,0.009604,0.028812,0.009604
6,607.368,1.62436,2.82086,0.02949,0.46402,0.33292,0.32593,0.15595,1.9209,2.49415,0.04803,0.028515,0.009505,0.028515,0.009505,0.028515,0.009505,0.028515,0.009505
7,704.174,1.6104,2.68194,0.02935,0.38542,0.34406,0.34968,0.17222,1.94322,2.51528,0.04858,0.028218,0.009406,0.028218,0.009406,0.028218,0.009406,0.028218,0.009406
8,801.188,1.60187,2.55688,0.02915,0.50299,0.4181,0.42351,0.21869,1.93953,2.29658,0.04814,0.027921,0.009307,0.027921,0.009307,0.027921,0.009307,0.027921,0.009307
